,count,mean,std,min,25%,50%,75%,max,missing_ratio
TransactionID,590540.0,3282269.5,170474.358321127,2987000.0,3134634.75,3282269.5,3429904.25,3577539.0,0.0
isFraud,590540.0,0.03499000914417313,0.18375463417841403,0.0,0.0,0.0,0.0,1.0,0.0
TransactionDT,590540.0,7372311.310116165,4617223.646539683,86400.0,3027057.75,7306527.5,11246620.0,15811131.0,0.0
TransactionAmt,590540.0,135.02717637247264,239.16252201373402,0.251,43.321,68.769,125.0,31937.391,0.0
card1,590540.0,9898.734658109526,4901.170153494898,1000.0,6019.0,9678.0,14184.0,18396.0,0.0
card2,581607.0,362.5554884999665,157.79324631004465,100.0,214.0,361.0,512.0,600.0,0.015126833068039422
card3,588975.0,153.19492508170975,11.336443990207302,100.0,150.0,150.0,150.0,231.0,0.0026501168422122124
card5,586281.0,199.27889697943476,41.24445296502239,100.0,166.0,226.0,226.0,237.0,0.007212043214684865
addr1,524834.0,290.73379392341195,101.74107175817112,100.0,204.0,299.0,330.0,540.0,0.1112642666034477
addr2,524834.0,86.80063029453122,2.6906234860523868,10.0,87.0,87.0,87.0,102.0,0.1112642666034477
dist1,238269.0,118.50218030881064,371.8720264911674,0.0,3.0,8.0,24.0,10286.0,0.596523520845328
dist2,37627.0,231.85542296754988,529.0534935529507,0.0,7.0,37.0,206.0,11623.0,0.9362837403054831
C1,590540.0,14.092457750533411,133.56901799940485,0.0,1.0,1.0,3.0,4685.0,0.0
C2,590540.0,15.26973448030616,154.66889921511543,0.0,1.0,1.0,3.0,5691.0,0.0
C3,590540.0,0.005643986859484539,0.15053562181686062,0.0,0.0,0.0,0.0,26.0,0.0
C4,590540.0,4.092185118704914,68.84845855901295,0.0,0.0,0.0,0.0,2253.0,0.0
C5,590540.0,5.57152606089342,25.786975821564244,0.0,0.0,0.0,1.0,349.0,0.0
C6,590540.0,9.07108239916009,71.50846738702947,0.0,1.0,1.0,2.0,2253.0,0.0
C7,590540.0,2.848477664510448,61.72730351629488,0.0,0.0,0.0,0.0,2255.0,0.0
C8,590540.0,5.144574457276391,95.37857364911812,0.0,0.0,0.0,0.0,3331.0,0.0
C9,590540.0,4.480240119212924,16.674896706250987,0.0,0.0,1.0,2.0,210.0,0.0
C10,590540.0,5.2403427371558235,95.58144296240853,0.0,0.0,0.0,0.0,3257.0,0.0
C11,590540.0,10.241521319470316,94.3362918303431,0.0,1.0,1.0,2.0,3188.0,0.0
C12,590540.0,4.076226843228231,86.66621767416046,0.0,0.0,0.0,0.0,3188.0,0.0
C13,590540.0,32.539917702441834,129.36484444558954,0.0,1.0,3.0,12.0,2918.0,0.0
C14,590540.0,8.29521454939547,49.544262418729545,0.0,1.0,1.0,2.0,1429.0,0.0
D1,589271.0,94.34756843625429,157.6603865208987,0.0,0.0,3.0,122.0,640.0,0.0021488806854743116
D2,309743.0,169.56323145317248,177.31586494207207,0.0,26.0,97.0,276.0,640.0,0.4754919226470688
D3,327662.0,28.343347718075332,62.38472137006824,0.0,1.0,8.0,27.0,819.0,0.44514850814508755
D4,421618.0,140.0024405978872,191.09677352636606,-122.0,0.0,26.0,253.0,869.0,0.2860466691502693
D5,280699.0,42.33596485915518,89.00014433978245,0.0,1.0,10.0,32.0,819.0,0.524674027161581
D6,73187.0,69.80571686228429,143.6692529426016,-83.0,0.0,0.0,40.0,873.0,0.8760676668811597
D7,38917.0,41.63894955931855,99.74326354021736,0.0,0.0,0.0,17.0,843.0,0.9340992989467267
D8,74926.0,146.0581076468787,231.66383996904648,0.0,0.9583330154418944,37.875,187.9583282470703,1707.7916259765625,0.8731229044603245
D9,74926.0,0.5610571265961662,0.31687956569750225,0.0,0.2083330005407333,0.6666659712791443,0.8333330154418945,0.9583330154418944,0.8731229044603245
D10,514518.0,123.98213667937759,182.615224535141,0.0,0.0,15.0,197.0,876.0,0.1287330240119213
D11,311253.0,146.6214654959149,186.0426220142707,-53.0,0.0,43.0,274.0,670.0,0.47293494090154775
D12,64717.0,54.03753264211876,124.27455838013958,-83.0,0.0,0.0,13.0,648.0,0.8904104717715988
D13,61952.0,17.901294550619834,67.61442502484186,0.0,0.0,0.0,0.0,847.0,0.8950926270870728
D14,62187.0,57.724444015630276,136.31245028866374,-193.0,0.0,0.0,2.0,878.0,0.8946946862193924
D15,501427.0,163.744578971615,202.72665990095558,-83.0,0.0,52.0,314.0,879.0,0.1509008703898127
V1,311253.0,0.9999453820525425,0.007390205667367282,0.0,1.0,1.0,1.0,1.0,0.47293494090154775
V2,311253.0,1.0452043835722065,0.24013288821339362,0.0,1.0,1.0,1.0,8.0,0.47293494090154775
V3,311253.0,1.0780747494803262,0.3208898249406216,0.0,1.0,1.0,1.0,9.0,0.47293494090154775
V4,311253.0,0.8464560984151157,0.44005328668047244,0.0,1.0,1.0,1.0,6.0,0.47293494090154775
V5,311253.0,0.8769907438643162,0.4759024963211417,0.0,1.0,1.0,1.0,6.0,0.47293494090154775
V6,311253.0,1.0456863066380082,0.23938492877858242,0.0,1.0,1.0,1.0,9.0,0.47293494090154775
V7,311253.0,1.072869980369667,0.30477880685574654,0.0,1.0,1.0,1.0,9.0,0.47293494090154775
V8,311253.0,1.0277041506427247,0.18606936449309056,0.0,1.0,1.0,1.0,8.0,0.47293494090154775
V9,311253.0,1.0415289169903583,0.22633872871029487,0.0,1.0,1.0,1.0,8.0,0.47293494090154775
V10,311253.0,0.4639152072429824,0.5215220840109311,0.0,0.0,0.0,1.0,4.0,0.47293494090154775
V11,311253.0,0.47898654792082324,0.5524307764361954,0.0,0.0,0.0,1.0,5.0,0.47293494090154775
V12,514467.0,0.5597113128733233,0.5105330018741472,0.0,0.0,1.0,1.0,3.0,0.1288193856470349
V13,514467.0,0.5991657385216156,0.5321850943345717,0.0,0.0,1.0,1.0,6.0,0.1288193856470349
V14,514467.0,0.9995004538677894,0.022344967137739653,0.0,1.0,1.0,1.0,1.0,0.1288193856470349
V15,514467.0,0.12234215216913816,0.33242174596276686,0.0,0.0,0.0,0.0,7.0,0.1288193856470349
V16,514467.0,0.12345981374898682,0.3428410507262253,0.0,0.0,0.0,0.0,15.0,0.1288193856470349
V17,514467.0,0.1340396954517977,0.36445647007980886,0.0,0.0,0.0,0.0,15.0,0.1288193856470349
V18,514467.0,0.13536339551419235,0.3717633033998257,0.0,0.0,0.0,0.0,15.0,0.1288193856470349
V19,514467.0,0.8163711180697693,0.42551187250047323,0.0,1.0,1.0,1.0,7.0,0.1288193856470349
V20,514467.0,0.8478425243990382,0.45945057405383627,0.0,1.0,1.0,1.0,15.0,0.1288193856470349
V21,514467.0,0.12968373092929186,0.3390596655623546,0.0,0.0,0.0,0.0,5.0,0.1288193856470349
V22,514467.0,0.13229225586869517,0.3594147633446139,0.0,0.0,0.0,0.0,8.0,0.1288193856470349
V23,514467.0,1.0347913471612369,0.24768061282203496,0.0,1.0,1.0,1.0,13.0,0.1288193856470349
V24,514467.0,1.0580970208001679,0.3054850404486031,0.0,1.0,1.0,1.0,13.0,0.1288193856470349
V25,514467.0,0.9776603747179119,0.18524491927215064,0.0,1.0,1.0,1.0,7.0,0.1288193856470349
V26,514467.0,0.9880400492159847,0.2093021394215634,0.0,1.0,1.0,1.0,13.0,0.1288193856470349
V27,514467.0,0.0007755599484515042,0.028595851947418507,0.0,0.0,0.0,0.0,4.0,0.1288193856470349
V28,514467.0,0.0008299852079919606,0.031132762227639277,0.0,0.0,0.0,0.0,4.0,0.1288193856470349
V29,514467.0,0.3878402307631004,0.5106517814067613,0.0,0.0,0.0,1.0,5.0,0.1288193856470349
V30,514467.0,0.40643617569251284,0.5543107073881635,0.0,0.0,0.0,1.0,9.0,0.1288193856470349
V31,514467.0,0.14076121500504404,0.35579282006877594,0.0,0.0,0.0,0.0,7.0,0.1288193856470349
V32,514467.0,0.14241729790248936,0.36827768278460427,0.0,0.0,0.0,0.0,15.0,0.1288193856470349
V33,514467.0,0.1306925419900596,0.3409002453073537,0.0,0.0,0.0,0.0,7.0,0.1288193856470349
V34,514467.0,0.1391537260893313,0.35754897005988057,0.0,0.0,0.0,0.0,13.0,0.1288193856470349
V35,421571.0,0.5425942486556239,0.5160100317408693,0.0,0.0,1.0,1.0,3.0,0.2861262573238053
V36,421571.0,0.5791978100960455,0.539038715850542,0.0,0.0,1.0,1.0,5.0,0.2861262573238053
V37,421571.0,1.1080648336816337,0.6905711497544808,0.0,1.0,1.0,1.0,54.0,0.2861262573238053
V38,421571.0,1.1623996906808105,0.858920103135485,0.0,1.0,1.0,1.0,54.0,0.2861262573238053
V39,421571.0,0.16607641417459929,0.4519555336363829,0.0,0.0,0.0,0.0,15.0,0.2861262573238053
V40,421571.0,0.17714453793074003,0.5057864825843139,0.0,0.0,0.0,0.0,24.0,0.2861262573238053
V41,421571.0,0.9992693994605891,0.027019779681621482,0.0,1.0,1.0,1.0,1.0,0.2861262573238053
V42,421571.0,0.15611842370561543,0.38289588726928914,0.0,0.0,0.0,0.0,8.0,0.2861262573238053
V43,421571.0,0.16894188642008107,0.43335882008247223,0.0,0.0,0.0,0.0,8.0,0.2861262573238053
V44,421571.0,1.0838909697298913,0.6391433261723023,0.0,1.0,1.0,1.0,48.0,0.2861262573238053
V45,421571.0,1.1207791807311225,0.7297735338216835,0.0,1.0,1.0,1.0,48.0,0.2861262573238053
V46,421571.0,1.0222856885317064,0.16671894998440376,0.0,1.0,1.0,1.0,6.0,0.2861262573238053
V47,421571.0,1.0385154576571918,0.23186213696650423,0.0,1.0,1.0,1.0,12.0,0.2861262573238053
V48,421571.0,0.3831738900446188,0.5081889966743889,0.0,0.0,0.0,1.0,5.0,0.2861262573238053
V49,421571.0,0.39772422676132846,0.5426536517878532,0.0,0.0,0.0,1.0,5.0,0.2861262573238053
V50,421571.0,0.16474567747781513,0.37399542669245933,0.0,0.0,0.0,0.0,5.0,0.2861262573238053
V51,421571.0,0.1705786213947354,0.4038988555866865,0.0,0.0,0.0,0.0,6.0,0.2861262573238053
V52,421571.0,0.18269520436652426,0.439001637451467,0.0,0.0,0.0,0.0,12.0,0.2861262573238053
V53,513444.0,0.5775858710979191,0.5115705172672836,0.0,0.0,1.0,1.0,5.0,0.13055169844549055
V54,513444.0,0.6199819259744003,0.5346347586879211,0.0,0.0,1.0,1.0,6.0,0.13055169844549055
V55,513444.0,1.0676704762349936,0.39136372994338536,0.0,1.0,1.0,1.0,17.0,0.13055169844549055
V56,513444.0,1.1209791135936928,0.6611285025664969,0.0,1.0,1.0,1.0,51.0,0.13055169844549055
V57,513444.0,0.12831194833321646,0.3490943267406571,0.0,0.0,0.0,0.0,6.0,0.13055169844549055
V58,513444.0,0.13245261411176293,0.3729072641003961,0.0,0.0,0.0,0.0,10.0,0.13055169844549055
V59,513444.0,0.13443335592586533,0.3792912782330668,0.0,0.0,0.0,0.0,16.0,0.13055169844549055
V60,513444.0,0.14253745296468553,0.4182296036820271,0.0,0.0,0.0,0.0,16.0,0.13055169844549055
V61,513444.0,0.8297847477037418,0.43661692676259667,0.0,1.0,1.0,1.0,6.0,0.13055169844549055
V62,513444.0,0.8675629669447885,0.48380340736115857,0.0,1.0,1.0,1.0,10.0,0.13055169844549055
V63,513444.0,0.13074259315524187,0.3552624947110733,0.0,0.0,0.0,0.0,7.0,0.13055169844549055
V64,513444.0,0.14182461962745693,0.4061572739351688,0.0,0.0,0.0,0.0,7.0,0.13055169844549055
V65,513444.0,0.999663059652075,0.01835286013521939,0.0,1.0,1.0,1.0,1.0,0.13055169844549055
V66,513444.0,0.9810378541768917,0.21623515695658113,0.0,1.0,1.0,1.0,7.0,0.13055169844549055
V67,513444.0,0.998120535053482,0.24591158728713058,0.0,1.0,1.0,1.0,8.0,0.13055169844549055
V68,513444.0,0.0005336511868869828,0.023759831983761803,0.0,0.0,0.0,0.0,2.0,0.13055169844549055
V69,513444.0,0.3902002944819688,0.513695534834949,0.0,0.0,0.0,1.0,5.0,0.13055169844549055
V70,513444.0,0.4079237463092372,0.554499219293857,0.0,0.0,0.0,1.0,6.0,0.13055169844549055
V71,513444.0,0.1406385116974782,0.36430312000320575,0.0,0.0,0.0,0.0,6.0,0.13055169844549055
V72,513444.0,0.14512390835222536,0.3892119141883601,0.0,0.0,0.0,0.0,10.0,0.13055169844549055
V73,513444.0,0.1399821596902486,0.3670980002562559,0.0,0.0,0.0,0.0,7.0,0.13055169844549055
V74,513444.0,0.1521470695927891,0.3932741225164613,0.0,0.0,0.0,0.0,8.0,0.13055169844549055
V75,501376.0,0.5442781465407199,0.5143176188966758,0.0,0.0,1.0,1.0,4.0,0.15098723202492634
V76,501376.0,0.5875570430176156,0.5382304466485205,0.0,0.0,1.0,1.0,6.0,0.15098723202492634
V77,501376.0,1.0868928708195047,0.5329575312554647,0.0,1.0,1.0,1.0,30.0,0.15098723202492634
V78,501376.0,1.1444624393668623,0.7814740822605013,0.0,1.0,1.0,1.0,31.0,0.15098723202492634
V79,501376.0,0.13686734107735513,0.37990377692508415,0.0,0.0,0.0,0.0,7.0,0.15098723202492634
V80,501376.0,0.14395383903497574,0.409931874760859,0.0,0.0,0.0,0.0,19.0,0.15098723202492634
V81,501376.0,0.15269578121010977,0.4522977518287948,0.0,0.0,0.0,0.0,19.0,0.15098723202492634
V82,501376.0,0.8446096342864438,0.4225286088841792,0.0,1.0,1.0,1.0,7.0,0.15098723202492634
V83,501376.0,0.8819648327801889,0.470756757587847,0.0,1.0,1.0,1.0,7.0,0.15098723202492634
V84,501376.0,0.13714457812101097,0.3618749525101086,0.0,0.0,0.0,0.0,7.0,0.15098723202492634
V85,501376.0,0.14978778401838141,0.4194449382051568,0.0,0.0,0.0,0.0,7.0,0.15098723202492634
V86,501376.0,1.0648854352821036,0.41980667041789016,0.0,1.0,1.0,1.0,30.0,0.15098723202492634
V87,501376.0,1.0994562962726577,0.5112810876695464,0.0,1.0,1.0,1.0,30.0,0.15098723202492634
V88,501376.0,0.9992460748021444,0.027447373230111302,0.0,1.0,1.0,1.0,1.0,0.15098723202492634
V89,501376.0,0.0009015190196579014,0.03194337152835598,0.0,0.0,0.0,0.0,2.0,0.15098723202492634
V90,501376.0,0.40186207556803677,0.5161528893344361,0.0,0.0,0.0,1.0,5.0,0.15098723202492634
V91,501376.0,0.42046089162624456,0.5618647229408438,0.0,0.0,0.0,1.0,6.0,0.15098723202492634
V92,501376.0,0.15032231299463875,0.3756818991948346,0.0,0.0,0.0,0.0,7.0,0.15098723202492634
V93,501376.0,0.15481195749297932,0.4023135553290502,0.0,0.0,0.0,0.0,7.0,0.15098723202492634
V94,501376.0,0.13700695685473577,0.3438782380035046,0.0,0.0,0.0,0.0,2.0,0.15098723202492634
V95,590226.0,1.038019334966606,21.034303677709538,0.0,0.0,0.0,0.0,880.0,0.0005317167338368274
V96,590226.0,3.0051895375669657,40.23949020332348,0.0,0.0,0.0,1.0,1410.0,0.0005317167338368274
V97,590226.0,1.7189330866481654,27.700448754939515,0.0,0.0,0.0,0.0,976.0,0.0005317167338368274
V98,590226.0,0.06198473127242785,0.2849948368356815,0.0,0.0,0.0,0.0,12.0,0.0005317167338368274
V99,590226.0,0.8949859884179958,2.722552160159171,0.0,0.0,0.0,1.0,88.0,0.0005317167338368274
V100,590226.0,0.27350370874885216,0.9471757419985345,0.0,0.0,0.0,0.0,28.0,0.0005317167338368274
V101,590226.0,0.8892492028477227,20.582571158377473,0.0,0.0,0.0,0.0,869.0,0.0005317167338368274
V102,590226.0,1.8272288919837485,35.928455596320234,0.0,0.0,0.0,0.0,1285.0,0.0005317167338368274
V103,590226.0,1.2792879337745202,25.68564203862856,0.0,0.0,0.0,0.0,928.0,0.0005317167338368274
V104,590226.0,0.08543337636769645,0.6487175539609487,0.0,0.0,0.0,0.0,15.0,0.0005317167338368274
V105,590226.0,0.28114484959998376,3.373948250754146,0.0,0.0,0.0,0.0,99.0,0.0005317167338368274
V106,590226.0,0.1645844134280767,1.825665424871007,0.0,0.0,0.0,0.0,55.0,0.0005317167338368274
V107,590226.0,0.999579821966501,0.020493955096924265,0.0,1.0,1.0,1.0,1.0,0.0005317167338368274
V108,590226.0,1.0046134870371688,0.08114598608252233,0.0,1.0,1.0,1.0,7.0,0.0005317167338368274
V109,590226.0,1.0148163584796333,0.12776937524049575,0.0,1.0,1.0,1.0,7.0,0.0005317167338368274
V110,590226.0,1.00773940829445,0.0972896835886595,0.0,1.0,1.0,1.0,7.0,0.0005317167338368274
V111,590226.0,1.002563424857597,0.070830338317062,0.0,1.0,1.0,1.0,9.0,0.0005317167338368274
V112,590226.0,1.0053555756608485,0.08461738414223276,0.0,1.0,1.0,1.0,9.0,0.0005317167338368274
V113,590226.0,1.0033834497294256,0.07475367374623074,0.0,1.0,1.0,1.0,9.0,0.0005317167338368274
V114,590226.0,1.0092981332574302,0.11017890291293372,0.0,1.0,1.0,1.0,6.0,0.0005317167338368274
V115,590226.0,1.0324502817564798,0.1903846433649235,0.0,1.0,1.0,1.0,6.0,0.0005317167338368274
V116,590226.0,1.0157380393273086,0.13677025447018046,0.0,1.0,1.0,1.0,6.0,0.0005317167338368274
V117,590226.0,1.000391375507009,0.035238417964672294,0.0,1.0,1.0,1.0,3.0,0.0005317167338368274
V118,590226.0,1.001474011649775,0.041011349719550796,0.0,1.0,1.0,1.0,3.0,0.0005317167338368274
V119,590226.0,1.0007285344935668,0.036392137885679694,0.0,1.0,1.0,1.0,3.0,0.0005317167338368274
V120,590226.0,1.0008742413922802,0.04168399972226862,0.0,1.0,1.0,1.0,3.0,0.0005317167338368274
V121,590226.0,1.004276328050611,0.06709711647062137,0.0,1.0,1.0,1.0,3.0,0.0005317167338368274
V122,590226.0,1.0017586483821452,0.048636358836485885,0.0,1.0,1.0,1.0,3.0,0.0005317167338368274
V123,590226.0,1.0311202827391541,0.22813418767174112,0.0,1.0,1.0,1.0,13.0,0.0005317167338368274
V124,590226.0,1.0929745555092456,0.37410330940254133,0.0,1.0,1.0,1.0,13.0,0.0005317167338368274
V125,590226.0,1.0504145869548274,0.28003697967313224,0.0,1.0,1.0,1.0,13.0,0.0005317167338368274
V126,590226.0,129.97941710470164,2346.9516814000867,0.0,0.0,0.0,0.0,160000.0,0.0005317167338368274
V127,590226.0,336.6115585155757,4238.666948933806,0.0,0.0,0.0,107.9499969482422,160000.0,0.0005317167338368274
V128,590226.0,204.09403837496455,3010.2587742486826,0.0,0.0,0.0,0.0,160000.0,0.0005317167338368274
V129,590226.0,8.768944125254277,113.83282816082264,0.0,0.0,0.0,0.0,55125.0,0.0005317167338368274
V130,590226.0,92.16584942117251,315.9604848019944,0.0,0.0,0.0,59.0,55125.0,0.0005317167338368274
V131,590226.0,31.133302173183154,161.16125768428248,0.0,0.0,0.0,0.0,55125.0,0.0005317167338368274
V132,590226.0,103.51318849235776,2266.1061397813296,0.0,0.0,0.0,0.0,93736.0,0.0005317167338368274
V133,590226.0,204.88915980030455,3796.316754763705,0.0,0.0,0.0,0.0,133915.0,0.0005317167338368274
V134,590226.0,145.97232754635542,2772.9868170400887,0.0,0.0,0.0,0.0,98476.0,0.0005317167338368274
V135,590226.0,17.25013217816419,293.8475632049873,0.0,0.0,0.0,0.0,90750.0,0.0005317167338368274
V136,590226.0,38.82119582327327,451.8084113628671,0.0,0.0,0.0,0.0,90750.0,0.0005317167338368274
V137,590226.0,26.365089844530424,348.33271381147864,0.0,0.0,0.0,0.0,90750.0,0.0005317167338368274
V138,81945.0,0.036439074989322105,0.42848961494784493,0.0,0.0,0.0,0.0,22.0,0.8612371727571375
V139,81945.0,1.073915431081823,1.3339238742881827,0.0,0.0,1.0,1.0,33.0,0.8612371727571375
V140,81945.0,1.12526694734273,1.4678497274035531,0.0,0.0,1.0,1.0,33.0,0.8612371727571375
V141,81945.0,0.037696015620233086,0.21513322068580534,0.0,0.0,0.0,0.0,5.0,0.8612371727571375
V142,81945.0,0.048581365550064065,0.3138881855474595,0.0,0.0,0.0,0.0,9.0,0.8612371727571375
V143,81951.0,8.397005527693377,55.26754522243087,0.0,0.0,0.0,0.0,869.0,0.8612270125647712
V144,81951.0,3.7084843382020964,10.485633095504557,0.0,0.0,0.0,0.0,62.0,0.8612270125647712
V145,81951.0,22.112945540627937,64.37185979959163,0.0,0.0,0.0,1.0,297.0,0.8612270125647712
V146,81945.0,0.1562755506742327,0.6823275022250747,0.0,0.0,0.0,0.0,24.0,0.8612371727571375
V147,81945.0,0.16860089084141802,0.7504970048718851,0.0,0.0,0.0,0.0,26.0,0.8612371727571375
V148,81945.0,0.7650009152480323,0.5814254323223293,0.0,0.0,1.0,1.0,20.0,0.8612371727571375
V149,81945.0,0.7753127097443407,0.6281909425814455,0.0,0.0,1.0,1.0,20.0,0.8612371727571375
V150,81951.0,277.5980280899562,829.576922481641,1.0,1.0,1.0,1.0,3389.0,0.8612270125647712
V151,81951.0,6.460189625507925,15.232324043745974,1.0,1.0,1.0,1.0,57.0,0.8612270125647712
V152,81951.0,9.432709789996462,21.554486396313656,1.0,1.0,1.0,1.0,69.0,0.8612270125647712
V153,81945.0,0.7532003172859845,0.5326488254639097,0.0,0.0,1.0,1.0,18.0,0.8612371727571375
V154,81945.0,0.7574226615412777,0.5469070201696048,0.0,0.0,1.0,1.0,18.0,0.8612371727571375
V155,81945.0,0.7673805601317957,0.6026784588596226,0.0,0.0,1.0,1.0,24.0,0.8612371727571375
V156,81945.0,0.7774848984074684,0.6472089880752274,0.0,0.0,1.0,1.0,24.0,0.8612371727571375
V157,81945.0,0.8175727622185612,0.6820158729543592,0.0,0.0,1.0,1.0,24.0,0.8612371727571375
V158,81945.0,0.8334614680578437,0.7343359919012407,0.0,0.0,1.0,1.0,24.0,0.8612371727571375
V159,81951.0,2719.2997751396206,8355.445049047941,0.0,0.0,0.0,0.0,55125.0,0.8612270125647712
V160,81951.0,47453.181172848184,142076.06916194377,0.0,0.0,0.0,0.0,641511.4375,0.8612270125647712
V161,81945.0,4.843938007199951,58.92975701141941,0.0,0.0,0.0,0.0,3300.0,0.8612371727571375
V162,81945.0,6.594661053145402,69.19518018822556,0.0,0.0,0.0,0.0,3300.0,0.8612371727571375
V163,81945.0,5.505955213862957,63.07788670512751,0.0,0.0,0.0,0.0,3300.0,0.8612371727571375
V164,81951.0,877.8889283442782,6049.166505035175,0.0,0.0,0.0,0.0,93736.0,0.8612270125647712
V165,81951.0,2239.912219119266,8223.25892774305,0.0,0.0,0.0,0.0,98476.0,0.8612270125647712
V166,81951.0,359.46943747462996,1244.4632704699961,0.0,0.0,0.0,0.0,104060.0,0.8612270125647712
V167,139631.0,3.9295142196217174,42.200980328237065,0.0,0.0,0.0,0.0,872.0,0.763553696616656
V168,139631.0,5.859501113649547,54.032468116655515,0.0,0.0,0.0,1.0,964.0,0.763553696616656
V169,139819.0,0.16805298278488617,0.9049439728419199,0.0,0.0,0.0,0.0,19.0,0.7632353439225116
V170,139819.0,1.4367789785365366,1.7511425062243688,0.0,1.0,1.0,1.0,48.0,0.7632353439225116
V171,139819.0,1.6909075304500818,2.4447476157909223,0.0,1.0,1.0,1.0,61.0,0.7632353439225116
V172,139631.0,0.13201223224069153,0.9248943083684085,0.0,0.0,0.0,0.0,31.0,0.763553696616656
V173,139631.0,0.05523128818099133,0.26443915977512733,0.0,0.0,0.0,0.0,7.0,0.763553696616656
V174,139819.0,0.12779379054348836,0.37976335326645067,0.0,0.0,0.0,0.0,8.0,0.7632353439225116
V175,139819.0,0.21263919782003876,0.8571328250349175,0.0,0.0,0.0,0.0,14.0,0.7632353439225116
V176,139631.0,1.3769793240755992,1.8294200292273421,0.0,1.0,1.0,1.0,48.0,0.763553696616656
V177,139631.0,3.529244938444901,41.31062197363477,0.0,0.0,0.0,0.0,861.0,0.763553696616656
V178,139631.0,6.64928275239739,69.44736395691943,0.0,0.0,0.0,0.0,1235.0,0.763553696616656
V179,139631.0,4.86901189563922,50.489426448608434,0.0,0.0,0.0,0.0,920.0,0.763553696616656
V180,139819.0,0.9241233308777776,6.112629967668477,0.0,0.0,0.0,0.0,83.0,0.7632353439225116
V181,139631.0,0.2533319964764272,1.2489740465998453,0.0,0.0,0.0,0.0,24.0,0.763553696616656
V182,139631.0,0.8562425249407366,5.792934025612843,0.0,0.0,0.0,0.0,83.0,0.763553696616656
V183,139631.0,0.48469179480201385,2.9469819533668353,0.0,0.0,0.0,0.0,41.0,0.763553696616656
V184,139819.0,0.13236398486614837,0.543698579930758,0.0,0.0,0.0,0.0,16.0,0.7632353439225116
V185,139819.0,0.1739034036861943,0.6997328606856283,0.0,0.0,0.0,0.0,31.0,0.7632353439225116
V186,139631.0,1.148799335391138,1.223529131291271,0.0,1.0,1.0,1.0,38.0,0.763553696616656
V187,139631.0,1.8437524618458652,9.884390139355402,0.0,1.0,1.0,1.0,218.0,0.763553696616656
V188,139819.0,1.0147547901215141,0.6712065638498966,0.0,1.0,1.0,1.0,30.0,0.7632353439225116
V189,139819.0,1.038313820010156,0.7925279046619709,0.0,1.0,1.0,1.0,30.0,0.7632353439225116
V190,139631.0,1.2130830546225408,1.480318345504752,0.0,1.0,1.0,1.0,42.0,0.763553696616656
V191,139631.0,1.0589840364961935,0.677527297678235,0.0,1.0,1.0,1.0,21.0,0.763553696616656
V192,139631.0,1.2373613309365399,2.6359614697089078,0.0,1.0,1.0,1.0,44.0,0.763553696616656
V193,139631.0,1.149844948471328,1.71479233198662,0.0,1.0,1.0,1.0,37.0,0.763553696616656
V194,139819.0,0.9457727490541342,0.3041579262647755,0.0,1.0,1.0,1.0,7.0,0.7632353439225116
V195,139819.0,0.9542265357354865,0.37641957704649,0.0,1.0,1.0,1.0,16.0,0.7632353439225116
V196,139631.0,1.084580071760569,1.1058337857742027,0.0,1.0,1.0,1.0,38.0,0.763553696616656
V197,139819.0,0.949384561468756,0.3368705582713364,0.0,1.0,1.0,1.0,14.0,0.7632353439225116
V198,139819.0,0.9619508078301232,0.4930649397245997,0.0,1.0,1.0,1.0,21.0,0.7632353439225116
V199,139631.0,1.270749332168358,1.6718627716122156,0.0,1.0,1.0,1.0,45.0,0.763553696616656
V200,139819.0,1.1199765410995643,1.2538527032553954,0.0,1.0,1.0,1.0,45.0,0.7632353439225116
V201,139819.0,1.159105700941932,1.41861805345881,0.0,1.0,1.0,1.0,55.0,0.7632353439225116
V202,139631.0,444.14714222093323,4683.828418681122,0.0,0.0,0.0,0.0,104060.0,0.763553696616656
V203,139631.0,1078.3275380768232,9105.607991216657,0.0,0.0,0.0,30.924400329589844,139777.0,0.763553696616656
V204,139631.0,686.9569308033108,6048.9807161785875,0.0,0.0,0.0,20.0,104060.0,0.763553696616656
V205,139631.0,18.060416619178316,266.5454507624393,0.0,0.0,0.0,0.0,55125.0,0.763553696616656
V206,139631.0,6.189360056666066,191.4740144497545,0.0,0.0,0.0,0.0,55125.0,0.763553696616656
V207,139631.0,72.28409784694104,925.6766601317927,0.0,0.0,0.0,0.0,55125.0,0.763553696616656
V208,139819.0,8.888193245857666,59.047124846089496,0.0,0.0,0.0,0.0,3300.0,0.7632353439225116
V209,139819.0,35.00187177443491,250.80082230148733,0.0,0.0,0.0,0.0,8050.0,0.7632353439225116
V210,139819.0,14.391834928471646,86.52372404541599,0.0,0.0,0.0,0.0,3300.0,0.7632353439225116
V211,139631.0,385.1370373715462,4541.8379145435865,0.0,0.0,0.0,0.0,92888.0,0.763553696616656
V212,139631.0,765.9883389453579,7496.1207373594625,0.0,0.0,0.0,0.0,129006.0,0.763553696616656
V213,139631.0,536.3028021990133,5471.664736394106,0.0,0.0,0.0,0.0,97628.0,0.763553696616656
V214,139631.0,38.43754734545601,571.834283155333,0.0,0.0,0.0,0.0,104060.0,0.763553696616656
V215,139631.0,133.20821668528237,1040.453748201924,0.0,0.0,0.0,0.0,104060.0,0.763553696616656
V216,139631.0,71.1071429504061,680.2676246451231,0.0,0.0,0.0,0.0,104060.0,0.763553696616656
V217,130430.0,1.0546193360423215,9.54735432332206,0.0,0.0,0.0,0.0,303.0,0.7791343516103905
V218,130430.0,1.7257839454113317,13.919875686807353,0.0,0.0,0.0,1.0,400.0,0.7791343516103905
V219,130430.0,1.3671317948324773,12.044031625233975,0.0,0.0,0.0,1.0,378.0,0.7791343516103905
V220,141416.0,0.1694716298014369,1.0024629109593473,0.0,0.0,0.0,0.0,25.0,0.7605310393876791
V221,141416.0,1.2749123154381399,2.728791873200431,0.0,1.0,1.0,1.0,384.0,0.7605310393876791
V222,141416.0,1.3590046387961758,2.9137717946747137,0.0,1.0,1.0,1.0,384.0,0.7605310393876791
V223,130430.0,0.09315341562523959,0.4022320209999679,0.0,0.0,0.0,0.0,16.0,0.7791343516103905
V224,130430.0,0.3947481407651614,3.4433103624433516,0.0,0.0,0.0,0.0,144.0,0.7791343516103905
V225,130430.0,0.191758031127808,1.2908200525379079,0.0,0.0,0.0,0.0,51.0,0.7791343516103905
V226,130430.0,0.24761174576401135,2.7564491983935246,0.0,0.0,0.0,0.0,242.0,0.7791343516103905
V227,141416.0,0.14797476947445834,2.049363377224958,0.0,0.0,0.0,0.0,360.0,0.7605310393876791
V228,130430.0,1.3519282373687036,1.4097223703379107,0.0,1.0,1.0,1.0,54.0,0.7791343516103905
V229,130430.0,1.638710419382044,4.316026042934836,0.0,1.0,1.0,1.0,176.0,0.7791343516103905
V230,130430.0,1.4654757341102507,2.1227827791055147,0.0,1.0,1.0,1.0,65.0,0.7791343516103905
V231,130430.0,0.7655064019014031,8.87711856659351,0.0,0.0,0.0,0.0,293.0,0.7791343516103905
V232,130430.0,1.0055968718853026,10.46025300005162,0.0,0.0,0.0,0.0,337.0,0.7791343516103905
V233,130430.0,0.9083876408801657,10.14988392592568,0.0,0.0,0.0,0.0,332.0,0.7791343516103905
V234,141416.0,2.0928466368727725,11.323035987045207,0.0,0.0,0.0,0.0,121.0,0.7605310393876791
V235,130430.0,0.18410641723529864,0.9026393840034562,0.0,0.0,0.0,0.0,23.0,0.7791343516103905
V236,130430.0,0.30766694778808557,2.152331966888937,0.0,0.0,0.0,0.0,45.0,0.7791343516103905
V237,130430.0,0.25349996166526106,1.7166337510501362,0.0,0.0,0.0,0.0,39.0,0.7791343516103905
V238,141416.0,0.12795581829495956,0.5746574282424227,0.0,0.0,0.0,0.0,23.0,0.7605310393876791
V239,141416.0,0.1369646998925157,0.6162603033636306,0.0,0.0,0.0,0.0,23.0,0.7605310393876791
V240,130430.0,1.0009967032124512,0.04952220388562726,0.0,1.0,1.0,1.0,7.0,0.7791343516103905
V241,130430.0,1.0002376753814306,0.02266347171577659,0.0,1.0,1.0,1.0,5.0,0.7791343516103905
V242,130430.0,1.1134631603158782,0.6601102695867583,0.0,1.0,1.0,1.0,20.0,0.7791343516103905
V243,130430.0,1.178386874185387,1.398952603421214,0.0,1.0,1.0,1.0,57.0,0.7791343516103905
V244,130430.0,1.1185616805949552,0.698807049669019,0.0,1.0,1.0,1.0,22.0,0.7791343516103905
V245,141416.0,0.8766193358601573,1.8210646862192306,0.0,1.0,1.0,1.0,262.0,0.7605310393876791
V246,130430.0,1.1837230698458943,1.0403627839934129,0.0,1.0,1.0,1.0,45.0,0.7791343516103905
V247,130430.0,1.0253545963351989,0.28160436258659843,0.0,1.0,1.0,1.0,18.0,0.7791343516103905
V248,130430.0,1.0694932147512075,0.8883414447823318,0.0,1.0,1.0,1.0,36.0,0.7791343516103905
V249,130430.0,1.0428505711876102,0.5288124683650142,0.0,1.0,1.0,1.0,22.0,0.7791343516103905
V250,141416.0,0.7885882785540533,0.48838594796374335,0.0,1.0,1.0,1.0,18.0,0.7605310393876791
V251,141416.0,0.7942312043898851,0.5012400830725311,0.0,1.0,1.0,1.0,18.0,0.7605310393876791
V252,130430.0,1.0320478417541976,0.38954550554544537,0.0,1.0,1.0,1.0,24.0,0.7791343516103905
V253,130430.0,1.1621636126657977,3.6125533215384404,0.0,1.0,1.0,1.0,163.0,0.7791343516103905
V254,130430.0,1.0751130874798742,1.3575500978118298,0.0,1.0,1.0,1.0,60.0,0.7791343516103905
V255,141416.0,0.8066555410986027,0.9391242515749328,0.0,1.0,1.0,1.0,87.0,0.7605310393876791
V256,141416.0,0.8149502177971375,0.9699528274237421,0.0,1.0,1.0,1.0,87.0,0.7605310393876791
V257,130430.0,1.250992869738557,1.2999564637175212,0.0,1.0,1.0,1.0,48.0,0.7791343516103905
V258,130430.0,1.3435099286973855,2.015810855146507,0.0,1.0,1.0,1.0,66.0,0.7791343516103905
V259,141416.0,0.9678324942015047,2.113447330539922,0.0,1.0,1.0,1.0,285.0,0.7605310393876791
V260,130430.0,0.964425362263283,0.379828321969914,0.0,1.0,1.0,1.0,8.0,0.7791343516103905
V261,130430.0,1.1071609292340718,1.3232304843064742,0.0,1.0,1.0,1.0,49.0,0.7791343516103905
V262,130430.0,1.0132791535689643,0.6254547786472082,0.0,1.0,1.0,1.0,20.0,0.7791343516103905
V263,130430.0,117.39067638525977,1294.851543163982,0.0,0.0,0.0,0.0,153600.0,0.7791343516103905
V264,130430.0,201.6576173337795,2284.827492035867,0.0,0.0,0.0,33.59349822998047,153600.0,0.7791343516103905
V265,130430.0,153.52053442846727,1605.5122758897267,0.0,0.0,0.0,20.897525310516357,153600.0,0.7791343516103905
V266,130430.0,9.16783868355349,208.03886318800133,0.0,0.0,0.0,0.0,55125.0,0.7791343516103905
V267,130430.0,36.52510270804343,644.8785858990668,0.0,0.0,0.0,0.0,55125.0,0.7791343516103905
V268,130430.0,18.81340677515849,311.28018090941094,0.0,0.0,0.0,0.0,55125.0,0.7791343516103905
V269,130430.0,5.997508241968872,207.31753929520644,0.0,0.0,0.0,0.0,55125.0,0.7791343516103905
V270,141416.0,7.712763702852514,65.50723159210163,0.0,0.0,0.0,0.0,4000.0,0.7605310393876791
V271,141416.0,9.445132757467785,74.14772554211335,0.0,0.0,0.0,0.0,4000.0,0.7605310393876791
V272,141416.0,8.464571089970137,69.7237348628443,0.0,0.0,0.0,0.0,4000.0,0.7605310393876791
V273,130430.0,73.82554901333562,935.1879273604644,0.0,0.0,0.0,0.0,51200.0,0.7791343516103905
V274,130430.0,107.15163631434068,1258.7341391180928,0.0,0.0,0.0,0.0,66000.0,0.7791343516103905
V275,130430.0,88.8999387265088,1072.8831386826944,0.0,0.0,0.0,0.0,51200.0,0.7791343516103905
V276,130430.0,31.797276639604753,615.6597138424208,0.0,0.0,0.0,0.0,104060.0,0.7791343516103905
V277,130430.0,51.956645081711905,732.1453682307603,0.0,0.0,0.0,0.0,104060.0,0.7791343516103905
V278,130430.0,42.32822810210745,660.611820328813,0.0,0.0,0.0,0.0,104060.0,0.7791343516103905
V279,590528.0,1.1230610572233661,21.021950389528065,0.0,0.0,0.0,0.0,880.0,2.0320384732617603e-05
V280,590528.0,1.9670820011921535,27.85177996317171,0.0,0.0,0.0,1.0,975.0,2.0320384732617603e-05
V281,589271.0,0.08778304040076637,0.5127478043537913,0.0,0.0,0.0,0.0,22.0,0.0021488806854743116
V282,589271.0,0.8171707075352427,0.921880082696183,0.0,0.0,1.0,1.0,32.0,0.0021488806854743116
V283,589271.0,0.9911144447970458,1.5587310757861152,0.0,0.0,1.0,1.0,68.0,0.0021488806854743116
V284,590528.0,0.08854279559986995,0.3384235768918504,0.0,0.0,0.0,0.0,12.0,2.0320384732617603e-05
V285,590528.0,1.1676601278855532,3.2824536460090483,0.0,0.0,0.0,1.0,95.0,2.0320384732617603e-05
V286,590528.0,0.03149215617210361,0.19093936870941156,0.0,0.0,0.0,0.0,8.0,2.0320384732617603e-05
V287,590528.0,0.3585791020916874,1.0789951124631298,0.0,0.0,0.0,0.0,31.0,2.0320384732617603e-05
V288,589271.0,0.18434981528023608,0.43098883026129325,0.0,0.0,0.0,0.0,10.0,0.0021488806854743116
V289,589271.0,0.23597461948746842,0.5992313555858726,0.0,0.0,0.0,0.0,12.0,0.0021488806854743116
V290,590528.0,1.1030112035331094,0.768896592240586,1.0,1.0,1.0,1.0,67.0,2.0320384732617603e-05
V291,590528.0,1.6598112197897474,16.252538040365096,1.0,1.0,1.0,1.0,1055.0,2.0320384732617603e-05
V292,590528.0,1.2399158041616993,3.7750497070384696,1.0,1.0,1.0,1.0,323.0,2.0320384732617603e-05
V293,590528.0,0.9425988268126152,20.588816295753904,0.0,0.0,0.0,0.0,869.0,2.0320384732617603e-05
V294,590528.0,2.3138631868429607,39.52646823903261,0.0,0.0,0.0,0.0,1286.0,2.0320384732617603e-05
V295,590528.0,1.4334239866695568,25.962947758399096,0.0,0.0,0.0,0.0,928.0,2.0320384732617603e-05
V296,589271.0,0.32891657658360923,3.2647445995155833,0.0,0.0,0.0,0.0,93.0,0.0021488806854743116
V297,590528.0,0.08903388154329685,0.6283524217664335,0.0,0.0,0.0,0.0,12.0,2.0320384732617603e-05
V298,590528.0,0.29882918337487807,3.175061940898066,0.0,0.0,0.0,0.0,93.0,2.0320384732617603e-05
V299,590528.0,0.17165485802536035,1.7242183826877842,0.0,0.0,0.0,0.0,49.0,2.0320384732617603e-05
V300,589271.0,0.04550707569182939,0.28957272580747206,0.0,0.0,0.0,0.0,11.0,0.0021488806854743116
V301,589271.0,0.05200154088696033,0.3183098405947355,0.0,0.0,0.0,0.0,13.0,0.0021488806854743116
V302,590528.0,0.2517611357971172,0.48188856977995953,0.0,0.0,0.0,0.0,16.0,2.0320384732617603e-05
V303,590528.0,0.2831398341822911,0.6236082943689863,0.0,0.0,0.0,0.0,20.0,2.0320384732617603e-05
V304,590528.0,0.26420762436328166,0.5282377907344316,0.0,0.0,0.0,0.0,16.0,2.0320384732617603e-05
V305,590528.0,1.0000067735992197,0.0026026073096777997,1.0,1.0,1.0,1.0,2.0,2.0320384732617603e-05
V306,590528.0,139.74871315377402,2348.849634382372,0.0,0.0,0.0,0.0,108800.0,2.0320384732617603e-05
V307,590528.0,408.6823745201255,4391.99297708463,0.0,0.0,0.0,151.38068008422852,145765.0,2.0320384732617603e-05
V308,590528.0,230.41317970109833,3021.924246788968,0.0,0.0,0.0,35.970001220703125,108800.0,2.0320384732617603e-05
V309,590528.0,10.99598649374687,116.25427733185526,0.0,0.0,0.0,0.0,55125.0,2.0320384732617603e-05
V310,590528.0,118.19565806086851,352.9830930126404,0.0,0.0,0.0,107.9499969482422,55125.0,2.0320384732617603e-05
V311,590528.0,4.202174910781028,102.37493831405574,0.0,0.0,0.0,0.0,55125.0,2.0320384732617603e-05
V312,590528.0,39.17391016627399,172.12833921949365,0.0,0.0,0.0,0.0,55125.0,2.0320384732617603e-05
V313,589271.0,21.351473287057324,95.90296994285225,0.0,0.0,0.0,0.0,4817.47021484375,0.0021488806854743116
V314,589271.0,43.31917429793924,173.61902800213147,0.0,0.0,0.0,0.0,7519.8701171875,0.0021488806854743116
V315,589271.0,26.806977172998174,116.85322181964739,0.0,0.0,0.0,0.0,4817.47021484375,0.0021488806854743116
V316,590528.0,109.8185442543135,2270.033201770259,0.0,0.0,0.0,0.0,93736.0,2.0320384732617603e-05
V317,590528.0,247.60674127291549,3980.0428280130527,0.0,0.0,0.0,0.0,134021.0,2.0320384732617603e-05
V318,590528.0,162.1533977723826,2793.3436359312454,0.0,0.0,0.0,0.0,98476.0,2.0320384732617603e-05
V319,590528.0,18.372475611291428,332.3048479441984,0.0,0.0,0.0,0.0,104060.0,2.0320384732617603e-05
V320,590528.0,42.07313296985872,473.4993067749651,0.0,0.0,0.0,0.0,104060.0,2.0320384732617603e-05
V321,590528.0,28.3265843398175,382.053171330217,0.0,0.0,0.0,0.0,104060.0,2.0320384732617603e-05
V322,82351.0,6.220288763949436,56.022561239547926,0.0,0.0,0.0,0.0,880.0,0.8605496664070174
V323,82351.0,13.103775303275006,106.73981332695956,0.0,0.0,0.0,1.0,1411.0,0.8605496664070174
V324,82351.0,9.184612208716349,73.6278932932524,0.0,0.0,0.0,0.0,976.0,0.8605496664070174
V325,82351.0,0.05849352163300992,0.3044147281767928,0.0,0.0,0.0,0.0,12.0,0.8605496664070174
V326,82351.0,0.8510400602299911,3.950294861019396,0.0,0.0,0.0,0.0,44.0,0.8605496664070174
V327,82351.0,0.29663270634236377,1.36435610915411,0.0,0.0,0.0,0.0,18.0,0.8605496664070174
V328,82351.0,0.33679008148049205,1.5801444335778532,0.0,0.0,0.0,0.0,15.0,0.8605496664070174
V329,82351.0,1.312843802746779,8.769083244473759,0.0,0.0,0.0,0.0,99.0,0.8605496664070174
V330,82351.0,0.7758740027443504,4.727971393408287,0.0,0.0,0.0,0.0,55.0,0.8605496664070174
V331,82351.0,721.7418829164045,6217.2235834064295,0.0,0.0,0.0,0.0,160000.0,0.8605496664070174
V332,82351.0,1375.7836440365134,11169.275702404979,0.0,0.0,0.0,25.0,160000.0,0.8605496664070174
V333,82351.0,1014.622781509143,7955.735481948921,0.0,0.0,0.0,0.0,160000.0,0.8605496664070174
V334,82351.0,9.807015093927214,243.86139057058327,0.0,0.0,0.0,0.0,55125.0,0.8605496664070174
V335,82351.0,59.16454967148651,387.62947999962614,0.0,0.0,0.0,0.0,55125.0,0.8605496664070174
V336,82351.0,28.53090296420337,274.57691971962197,0.0,0.0,0.0,0.0,55125.0,0.8605496664070174
V337,82351.0,55.35242195053889,668.486832619136,0.0,0.0,0.0,0.0,104060.0,0.8605496664070174
V338,82351.0,151.16054207051315,1095.0343868848827,0.0,0.0,0.0,0.0,104060.0,0.8605496664070174
V339,82351.0,100.70088159280189,814.9467218486849,0.0,0.0,0.0,0.0,104060.0,0.8605496664070174
id_01,144233.0,-10.170501896237338,14.34794910143348,-100.0,-10.0,-5.0,-5.0,0.0,0.7557608290716971
id_02,140872.0,174716.58470810382,159651.81685569623,1.0,67992.0,125800.5,228749.0,999595.0,0.7614522301622244
id_03,66324.0,0.06018937337916893,0.5982313394612725,-13.0,0.0,0.0,0.0,10.0,0.8876892335828225
id_04,66324.0,-0.058937941016826485,0.7010153041069866,-28.0,0.0,0.0,0.0,0.0,0.8876892335828225
id_05,136865.0,1.6155847002520731,5.249856482497284,-72.0,0.0,0.0,1.0,52.0,0.7682375452975243
id_06,136865.0,-6.698710408066343,16.491104461198184,-100.0,-6.0,0.0,0.0,0.0,0.7682375452975243
id_07,5155.0,13.285354025218234,11.384206770817132,-46.0,5.0,14.0,22.0,61.0,0.9912707013919464
id_08,5155.0,-38.6003879728419,26.084899144388594,-100.0,-48.0,-34.0,-23.0,0.0,0.9912707013919464
id_09,74926.0,0.09102314283426315,0.9838415725027697,-36.0,0.0,0.0,0.0,25.0,0.8731229044603245
id_10,74926.0,-0.3011237754584523,2.789445873285243,-100.0,0.0,0.0,0.0,0.0,0.8731229044603245
id_11,140978.0,99.74532471343878,1.1276019480755894,90.0,100.0,100.0,100.0,100.0,0.7612727334304196
id_13,127320.0,48.05307100219918,11.774857746446465,10.0,49.0,52.0,52.0,64.0,0.7844007179869272
id_14,80044.0,-344.5071460696617,93.69550192565016,-660.0,-360.0,-300.0,-300.0,720.0,0.8644562603718631
id_17,139369.0,189.45137727902187,30.37536048860903,100.0,166.0,166.0,225.0,229.0,0.7639973583499847
id_18,45113.0,14.237337352869462,1.5613015280502325,10.0,13.0,15.0,15.0,29.0,0.9236072069631185
id_19,139318.0,353.1281743923972,141.0953430191313,100.0,266.0,341.0,427.0,671.0,0.7640837199850984
id_20,139261.0,403.88266636028754,152.16032721631092,100.0,256.0,472.0,533.0,661.0,0.7641802418125783
id_21,5159.0,368.2698197325063,198.84703847271746,100.0,252.0,252.0,486.5,854.0,0.9912639279303688
id_22,5169.0,16.00270845424647,6.897664752694577,10.0,14.0,14.0,14.0,44.0,0.9912469942764249
id_24,4747.0,12.800926901200759,2.3724466577869356,11.0,11.0,11.0,15.0,26.0,0.9919615944728554
id_25,5132.0,329.608924395947,97.46108879911472,100.0,321.0,321.0,371.0,548.0,0.9913096487960172
id_26,5163.0,149.0703079604881,32.10199467976517,100.0,119.0,149.0,169.0,216.0,0.9912571544687913
id_32,77586.0,26.50859691181399,3.737502025101396,0.0,24.0,24.0,32.0,32.0,0.8686185525112609
